idx,t_ns,x_m,y_m
0,0,-24.265264545394185,36.03766336280926
1,1,-24.086692901782286,36.57305359967751
2,2,-23.908222790983032,37.11740590765439
3,3,-23.73273282293836,37.66257357153158
4,4,-23.5696491527152,38.14608354930576
5,5,-23.391961352738914,38.65823233636951
6,6,-23.21306498708116,39.20302331999416
7,7,-23.0368133555321,39.74771255425799
8,8,-22.857348219655485,40.28502020430553
9,9,-22.698889780907407,40.731121568031035
10,10,-22.52439596085327,41.23922741801155
11,11,-22.36796695078158,41.713869352226645
12,12,-22.184519145327435,42.22680821183812
13,13,-21.99409859394227,42.76787727729216
14,14,-21.841761882693575,43.21820779758983
15,15,-21.682723586054276,43.70759838418617
16,16,-21.496844869082594,44.249650907358145
17,17,-21.315961077391364,44.793955220671904
18,18,-21.14193008915739,45.30677943415182
19,19,-20.993364179945008,45.73028451274524
20,20,-20.79660735826782,46.269167505326116
21,21,-20.612940113598356,46.80695989718264
22,22,-20.434002479857536,47.326432586307014
23,23,-20.254091281788607,47.844096429881404
24,24,-20.073293752415903,48.3690332256281
25,25,-19.919472459076275,48.814432038989835
26,26,-19.731514194379102,49.35657019168261
27,27,-19.544875880644053,49.89906320306174
28,28,-19.354994605505862,50.440546701173474
29,29,-19.163721334044972,50.97992067668292
30,30,-19.02931178410931,51.36216898160552
31,31,-18.848346959302646,51.86614308952378
32,32,-18.693172828995454,52.305617652798475
33,33,-18.503756582790334,52.84722444167498
34,34,-18.310707681504688,53.38759899678014
35,35,-18.118076234369276,53.92806934315758
36,36,-17.92148070778487,54.46703361777499
37,37,-17.727516256193706,55.006874807583955
38,38,-17.58227797757348,55.41374521789704
39,39,-17.38855870713305,55.953906168530025
40,40,-17.198399593200243,56.4952789516173
41,41,-17.005250399861975,57.03563026499733
42,42,-16.816887233437598,57.571216469431235
43,43,-16.621477963648637,58.11076723488105
44,44,-16.47831211786815,58.50772068831755
45,45,-16.28320709532538,59.04738420898698
46,46,-16.139814092670363,59.44103849507935
47,47,-15.94384171528317,59.98038534141375
48,48,-15.74926994598071,60.52021980003785
49,49,-15.556470400993515,61.0605447975952
50,50,-15.361528430790333,61.60024898071054
51,51,-15.178579941767138,62.111307197161025
52,52,-14.982277993358702,62.65054930844387
53,53,-14.78932745031365,63.17630043553879
54,54,-14.646618617149048,63.574211734150715
55,55,-14.452803815710535,64.11431564790338
56,56,-14.26058304150106,64.65496808522649
57,57,-14.0684892745765,65.19569354994192
58,58,-13.874117321060263,65.73562617320975
59,59,-13.679198557902907,66.27537152211384
60,60,-13.551421519205899,66.62970133220284
61,61,-13.405273877082758,67.02460613938896
62,62,-13.25273297189373,67.44595800807605
63,63,-13.062968508807131,67.98751618307602
64,64,-12.870187610337414,68.52802529962077
65,65,-12.680003781865942,69.0693707940296
66,66,-12.48665058426326,69.6096808131114
67,67,-12.293361296673488,70.14995590093852
68,68,-12.100662797417005,70.69049565470135
69,69,-11.957690158734819,71.08985804156218
70,70,-11.790409257535828,71.56017086401383
71,71,-11.600226454606709,72.10158363541777
72,72,-11.456537666250929,72.51112777459309
73,73,-11.2632459872083,73.05145790117501
74,74,-11.067636093505069,73.59091286079817
75,75,-10.872895131195495,74.13071166817164
76,76,-10.691928811719649,74.63476450772743
77,77,-10.500055812624364,75.17377642405194
78,78,-10.310812259648998,75.71545792081804
79,79,-10.12642120406613,76.23792617452384
80,80,-9.973238890869641,76.66904857451317
81,81,-9.911861275337365,76.84137488555965
82,82,-9.765543077326274,77.26480384036316
83,83,-9.574959828869982,77.80608896938121
84,84,-9.380836909027689,78.34607747864436
85,85,-9.1871762547168,78.88627668184574
86,86,-8.993630192368432,79.4263732422792
87,87,-8.802856456908378,79.96756721620515
88,88,-8.61050006875842,80.50821457724673
89,89,-8.418380800100088,81.04895987435405
90,90,-8.231931707922692,81.56608442111619
91,91,-8.04476243770565,82.10213200305506
92,92,-7.85242535679086,82.64280192072289
93,93,-7.65826033744875,83.1827997154185
94,94,-7.465221231489214,83.72322067548592
95,95,-7.270713448675102,84.2631102313946
96,96,-7.076811483508299,84.80322223300297
97,97,-6.883691127889785,85.34076181519961
98,98,-6.690300700005789,85.8810559633717
99,99,-6.517066462027051,86.38123666455695
100,100,-6.40335809164769,86.70505920888525
101,101,-6.2100319483146045,87.24536470785205
102,102,-6.013879123397512,87.78465039453857
103,103,-5.818581143549521,88.3242466583125
104,104,-5.624552081514166,88.86424787318509
105,105,-5.432880514196183,89.40508321891562
106,106,-5.2433487830118395,89.94664556343807
107,107,-5.0510126078393975,90.48731423747742
108,108,-4.917531513809781,90.86876208285312
109,109,-4.790738320228819,91.22558605485709
110,110,-4.596115777384679,91.7654304874996
111,111,-4.403422606828162,92.30596879281009
112,112,-4.22603523987301,92.80193186915358
113,113,-4.035017325213586,93.34305001483096
114,114,-3.844638323946257,93.88438266919289
115,115,-3.652012313933584,94.42493708257838
116,116,-3.4595665176546526,94.96556440995367
117,117,-3.3193586960062746,95.36175123025608
118,118,-3.182336217347661,95.75413491819117
119,119,-2.9889376164121226,96.29431393768482
120,120,-2.7971930493040107,96.83516516379602
121,121,-2.606706277422682,97.37647860221156
122,122,-2.416203423508581,97.90910873371742
123,123,-2.2245816665048537,98.45002776148338
124,124,-2.0307968083401873,98.98992401998606
125,125,-1.882817813555189,99.39800768513513
126,126,-1.7001144830465325,99.91619569416159
127,127,-1.5467064098456151,100.35227476375545
128,128,-1.354488900864151,100.89296584996436
129,129,-1.162946263894419,101.43321718203717
130,130,-0.9728782046293257,101.9746593034626
131,131,-0.7814826065934803,102.51563998927753
132,132,-0.5902820490828149,103.05652689177111
133,133,-0.4585989959544815,103.42241972309532
134,134,-0.2646933693384183,103.96244549641183
135,135,-0.11678450098736115,104.38120102668705
136,136,0.07318248880564135,104.92269234195015
137,137,0.26891030984596564,105.46206279920293
138,138,0.45834514365958123,105.99879592253583
139,139,0.646221771316399,106.50589643992328
140,140,0.8446121643910739,107.04413906680435
141,141,0.993174868145664,107.44383478515739
142,142,1.1904558855277065,107.98266106810613
143,143,1.336776881310973,108.38817841324737
144,144,1.5358182019246358,108.92630748482094
145,145,1.737789410290027,109.4631405583596
146,146,1.9481872703393455,109.99659822369978
147,147,2.1627854179631507,110.52763426602738
148,148,2.380125821958708,111.05735248709871
149,149,2.6055229484507523,111.58459070299178
150,150,2.8264049507458773,112.11411752050775
151,151,3.0020783800771342,112.53853969813558
152,152,3.2316643700920977,113.05234858523434
153,153,3.4703044088047634,113.57376366962876
154,154,3.712554818154624,114.09355793306213
155,155,3.973196989866626,114.60301547481478
156,156,4.166958516383753,114.98836050808761
157,157,4.442871372863905,115.4907146450843
158,158,4.724896953431457,115.97011353346912
159,159,5.001294697997423,116.45617044527089
160,160,5.308923067255879,116.93830868650134
161,161,5.611835966679966,117.42457001550207
162,162,5.918994175857179,117.88510185581151
163,163,6.246367460653662,118.35550034586393
164,164,6.57848552101815,118.82289500347778
165,165,6.914246467746951,119.28809966877976
166,166,7.195569032404903,119.59733549016387
167,167,7.556844531477573,120.04244983987317
168,168,7.939324675238903,120.42698437922257
169,169,8.338587795416892,120.83826894121916
170,170,8.735213859394136,121.2529335389218
171,171,9.137434297876347,121.66141633922686
172,172,9.530446642041879,122.04058139277856
173,173,9.949857932305996,122.43128187862392
174,174,10.386415420874217,122.79450401761483
175,175,10.829463546820985,123.14223272973445
176,176,11.27535276463319,123.50293161520565
177,177,11.721159518542255,123.86308757690841
178,178,12.17907645560475,124.19892925939223
179,179,12.495310025241587,124.44048437061457
180,180,12.970279329702244,124.75990724939032
181,181,13.460131780092684,125.05739275921206
182,182,13.825931776443342,125.28369636128073
183,183,14.324653118261459,125.56564624992188
184,184,14.817175660555806,125.85093698194176
185,185,15.319962764982018,126.12634799531705
186,186,15.823111230136107,126.39225669451292
187,187,16.182584277324825,126.56449155404782
188,188,16.707511106299776,126.79114438949853
189,189,17.21142357751712,126.9882425141331
190,190,17.664954146773283,127.15589054221171
191,191,18.204786616712035,127.34901496969573
192,192,18.63878904905105,127.49639355854305
193,193,19.046148986400468,127.64734990087496
194,194,19.59373024007876,127.81536700058837
195,195,20.003009848508917,127.94974261358801
196,196,20.56334800916627,128.0703352288013
197,197,21.00101759395269,128.15620946902445
198,198,21.428895544882657,128.2312007243293
199,199,21.993030767093366,128.32442081411426
200,200,22.544002705553236,128.3876251554296
201,201,23.107325560218584,128.43137014869308
202,202,23.678936938550812,128.45319688852604
203,203,24.12732868378027,128.47796579647883
204,204,24.694966899532808,128.48920885829494
205,205,25.26777257273684,128.46761857622946
206,206,25.839366374522257,128.45005088941306
207,207,26.410949094195473,128.41640458143422
208,208,26.97197689851128,128.3654513162333
209,209,27.53963324108242,128.2856442548479
210,210,28.033784569098195,128.2168633526042
211,211,28.357917875717114,128.18932575364636
212,212,28.92512549841104,128.10725920144378
213,213,29.486358507912875,127.99101427415837
214,214,30.044486542054706,127.86909933992382
215,215,30.599449416064637,127.74071966691756
216,216,31.149406811248383,127.58132523326142
217,217,31.69768142661712,127.41745815073804
218,218,32.05685718175731,127.31249203311468
219,219,32.51304052907251,127.15565518869064
220,220,33.047361672252755,126.97078456159164
221,221,33.58499616485991,126.77376154173606
222,222,34.10934990670306,126.54884193269305
223,223,34.6298248789117,126.31273376488718
224,224,35.14769205601195,126.07525562847289
225,225,35.65228503344474,125.81624779578105
226,226,36.063256814358354,125.61227273789993
227,227,36.567205282408054,125.34147090405308
228,228,37.055296996007804,125.04645939282734
229,229,37.52727801520265,124.72619103330081
230,230,37.99435329163882,124.39941818386923
231,231,38.46340496058474,124.07074147007663
232,232,38.77339081244364,123.82658665445241
233,233,39.113731522679245,123.55507918212203
234,234,39.557029799363434,123.19170918635271
235,235,39.996012789283654,122.82469387084114
236,236,40.426464485301835,122.44742457748477
237,237,40.848577003138956,122.05985506264881
238,238,41.24713740970748,121.6485366554171
239,239,41.64826654223647,121.24236192927681
240,240,42.024427727981134,120.83820545482953
241,241,42.30215877631938,120.51325753020879
242,242,42.67065812021005,120.07574284362536
243,243,43.02764238502909,119.62689487158508
244,244,43.36390189382928,119.17761163298691
245,245,43.69125475403936,118.70975526554899
246,246,43.99511096686318,118.22718267067759
247,247,44.294161606618445,117.7491363323544
248,248,44.45586569785047,117.45387064621278
249,249,44.71745339810509,116.98652100814566
250,250,44.98805917956293,116.48263606475157
251,251,45.235218361971896,115.9655834583265
252,252,45.4512783795453,115.4384259725978
253,253,45.662258379230835,114.93472814907867
254,254,45.87124472558981,114.4006324892367
255,255,46.03417409555891,114.00257218623591
256,256,46.18045281002898,113.61676338457173
257,257,46.354336723323215,113.07050548824157
258,258,46.52506824627702,112.52375318154483
259,259,46.67757750431829,111.97233363433497
260,260,46.814726802994656,111.42064472406574
261,261,46.962246875560375,110.86892789953558
262,262,47.08607928850693,110.33911115584533
263,263,47.17780063110307,109.88281207747579
264,264,47.282897399907306,109.34975939961825
265,265,47.37807574295939,108.78530237120579
266,266,47.443345686601546,108.21690672245407
267,267,47.49892642783655,107.64949765118781
268,268,47.558448901659375,107.08007521061093
269,269,47.603991008597426,106.50963883822843
270,270,47.63314191664966,106.07194669745823
271,271,47.64778242795042,105.63155606585195
272,272,47.65024344730861,105.05900826373482
273,273,47.643086648980926,104.48670719173677
274,274,47.61358193564507,103.91708333157253
275,275,47.570316257965615,103.34949034199119
276,276,47.517928752031345,102.78092197455626
277,277,47.460052564491775,102.21294410675932
278,278,47.40551446315563,101.81435972878245
279,279,47.325910335288256,101.24828879404863
280,280,47.22968660674616,100.68579161706873
281,281,47.12042977399674,100.1278467022094
282,282,47.01021024034339,99.59716279704702
283,283,46.873889631996924,99.04342450340584
284,284,46.72884236536651,98.49298367301846
285,285,46.627948486957884,98.06284620327509
286,286,46.497472358431104,97.65060989576988
287,287,46.33694829098796,97.10316380670494
288,288,46.16400275539479,96.55905340540266
289,289,45.959852505261196,96.02782041362536
290,290,45.758491332688195,95.49381087475646
291,291,45.549693907065425,94.96262022288037
292,292,45.39268219310563,94.56899513427818
293,293,45.16057343135157,94.04632622801601
294,294,44.93449670085766,93.52027381228844
295,295,44.69091029163448,93.00178761785553
296,296,44.43974298451701,92.48680741750562
297,297,44.20531939782548,91.9661481418791
298,298,43.959419661484276,91.44818405868031
299,299,43.71249656278236,90.94153347262426
